,address,length
0,0x007d42b9192b8c087b0d3e6ef73aae48e74b41c1,1
1,0x02b2101903eb6a51518e63e84b785180859fda9d,38
2,0x0389a06b028526b05966c287370bebefa0082176,201
3,0x0444f06a52320af2df7e60d1923080002838ce93,0
4,0x062524205ca7ecf27f4a851edec93c7ad72f427b,2
5,0x077786701b3ddb577ef3243f9f4a219465f9d5d7,0
6,0x09515cb5e3acaef239ab83d78b2f3e3764fcab9b,9
7,0x0f170120733474c6ec7daf6ae6aeeeb8b645e92c,0
8,0x0f26c26318872e8fa85dee5d30cba45ed53b3d3e,25
9,0x109c4f2ccc82c4d77bde15f306707320294aea3f,3803
10,0x1213c29b5e1a6f33e0d044f850a57b665e3cde21,202
11,0x1368e088682b3ea455c4856297365542ca6828d8,20
12,0x143e8bd26d95b230680c25300f93ef56f86eccac,2
13,0x1492cdd605d91658f228eab14d8444b60e6da8df,0
14,0x16a4ff536001405f2b0d7ddafc79f6a10d024640,18
15,0x19a6067538c90973ef5dc31ded5fa567f3d09059,1
16,0x1afd952269873fe009c7bdff5f07fd91605a7227,18
17,0x1bb6123913d0b48948de38c3b75fd3eb3b4fe7e3,0
18,0x1ce7986760ade2bf0f322f5ef39ce0de3bd0c82b,27
19,0x1fe7a92013b295ff98da0954b7a08e603754a1bf,39
20,0x1ff3f56609d0771abb49566600febade0e708beb,222
21,0x2101ba900918345003585b0a17de91570609d706,7
22,0x21aec0a028d7adec228595b24439c7eb969edd5f,0
23,0x21d73e07481fcf2d2deac1d1a58eb421d747d58a,0
24,0x245233bc8604d2097bfcbf3338959c46da04d9e0,1
25,0x24ec083b6a022099003e3d035fed48b9a58296e5,40
26,0x258d778e4771893758dfd3e7dd1678229320eeb5,27
27,0x26c4e381ffbdc825be9b986c3ba40525f0771e8d,0
28,0x275498d1fb7ffb5b521f89b23c84224af9f96ea6,0
29,0x293993ac7b6f8502b383ed7a1b784f5a49695e18,0
30,0x293b8bc8a8ba6c231d67c64a43ad841a7c5438f9,0
31,0x294308484f47ff5a833a284ac6949eb02728fbe4,305
32,0x2a53f42ad8bba138c21b50a4e5711f18381a61e9,2
33,0x2c3cc0f8dede2eccae43380ecf29b61fa6d10dca,17
34,0x2c8eab1b7c57a6f9f81f761b26b71f99b25ff59c,0
35,0x2e5e995bdaa495abaf2af499d682b0277d4dd66b,0
36,0x316201f586706aaa2795bc2a3f0bad2379c363e4,42
37,0x3325439082ff8ba7371dfdaa1af297bbfcac21b2,224
38,0x37b53b46fa74ac3f9b4340dc5a39aabb0f2afa33,9
39,0x37fc7c7162122c682cf4e09fd73d675820287ad1,0
40,0x3ab274f835d1939d20d0bbb72a1fb513d7a7a675,0
41,0x3b49296772fe527b54803e97f650f9b1289c3e94,0
42,0x3e84512f277a5081b9209831c51bce665035d9db,71
43,0x3f4dd010fbbc9a9b6d95f1f53837d7e9f3befac8,0
44,0x4028b9672bfd71ba2fcd97a6c82e06f72eaa14ba,20
45,0x41f2d5040726c5328f8366f17041ec012ac8f338,2
46,0x4229a873bbd207deef8f41e807e563c26033d118,26
47,0x422f8015c5d8168edee923749701360a8a4d0703,25
48,0x428da5ff72d8be0efaa85336b6c6a9fc9e0f73fe,17
49,0x4398a4a10347d8f18029c07853a7a689eebbb925,1
50,0x43bbc7fafb860d974037b8f7dd06b6f6fe799b3e,513
51,0x43e49c79172a1be3ebb4240da727c0da0fa5d233,229
52,0x43f208d94a82cc2749a140b5e82636f31ce0390d,232
53,0x446d1696a5527018453cda3d67aa4c2cd189b9f6,289
54,0x4668cd871eba35997e1fbe66d0eddf6612d018ce,32
55,0x4865e85c72a27ca6c362da75ba6707c07464b953,1233
56,0x486e49d1622fdfc8ca760fcfc17792753a4beca8,0
57,0x49c3019b7a83b3c77a823255533975969027308d,202
58,0x49f053b866c33185fa1151e71fc80d5fe6b08a92,3
59,0x4e1833a4a67ed1c8cb0ffc541ab7291c02d2fd06,1
60,0x4fb663c1616bfe80b5b6d5a214efa81d5a121801,666
61,0x51170b18bca7896b49c52dcc18e66e5c921e100f,5
62,0x53344c813fbc35890a7304187dc920358b5acf4a,1
63,0x55d035ba1f4ae932cf98125b93d830d9858cd39f,6
64,0x56467e038871dc7f2a6180cdebe1702cef77285f,0
65,0x582b2489710a4189ad558b6958641789587fcc27,6
66,0x582e3d8dcd41f586fbcc6559f16476d20b2a3b95,403
67,0x5a437d94843541d5cb83221a4a4b253de30b97b7,2
68,0x5d41106d9088f968f6fdc376bec83451420c356f,0
69,0x5e84c1a6e8b7cd42041004de5cd911d537c5c007,0
70,0x5fb3d432bae33fcd418ede263d98d7440e7fa3ea,8
71,0x60acd43314d93f38507f3fd12e84225a5a099229,224
72,0x6203188c0dd1a4607614dbc8af409e91ed46def0,0
73,0x62b0d1de606a34a6d2bee1493481b015391005f0,0
74,0x6308dd690ce35138f9dab60741091665a7be48d1,0
75,0x6846b938f9be9f1eeeb9bfd853636c805f8f54d3,1
76,0x687a241422c92e3d15ce6a02c832f800b74c8b3c,222
77,0x68bbb2461d7c4c30902621e5b6e6e3e45890c1ff,0
78,0x6aae3fd4e1545e9865bfdc92c032cb2c712fb125,0
79,0x6adf9e666e3e85876b1ba25edb31799faad8417b,1
80,0x723dff0e27cc38b80556f5e05dfdbdcb721654d7,241
81,0x7384c268c27c21654a6eb5629d36330367c910fc,0
82,0x750241c16c9fb878a7afd2b07b80f53e02c3f634,16
83,0x75aa81161e07483f6ca199fef46c13eb13d190be,58
84,0x75f97d98eb49989f9af40c49a7a1eb32767214f5,0
85,0x772cba2f87f92e95bb8ffa96187bbedebbb484d3,0
86,0x7894ccf2997c8c89a80b86faa012d09d53ed48b9,50
87,0x78d4f849aab2b0a5a66f76b9b1ff47da5a9ae492,6
88,0x7bbc3ad5c296ae6eb50228d2a6a37234d2db3ff1,0
89,0x7ca7bbbded047642313aa7da6228e61d5304c887,0
90,0x7d3ae940eb73dc9131758ad2e326c7d863b0916a,0
91,0x7d56485e026d5d3881f778e99969d2b1f90c50af,1706
92,0x7fcc7ed28c99f64f721be410ad816247925aade8,1
93,0x80c1a36dcbdca742f59f09fda16c43e6ad877c2b,0
94,0x80d9c4f6209044de069c545f68644419b520a02f,32
95,0x83651a62b632c261442f396ad7202fe2a4995e3a,0
96,0x870fe80e76dae4a4c12690dec52456ab13176202,196
97,0x871ae94d2375f7a0d2fa584d0201c67ed2d35103,0
98,0x879716da78a75a44bdfa8f038ce875f99586940a,11
99,0x89c2352cb600df56fe4bfb5882caadef3e96213f,2
100,0x8cdb6436f4e08f2aeb6f7b0473423bb30743afe2,0
101,0x8d734806913e445ee1be523aa0e84e4664fff481,1
102,0x8e66ffe69b3f8d78f2a696e40c02f7454c0a01d9,0
103,0x8ea6c8077d6316b46e449aec8fb60a606cf50eea,0
104,0x8f13a1d43408b6434dd10e161361386f3952d665,2
105,0x9073880d45cbbf9ec92c7b439a4a2183fca3cf54,0
106,0x934e65cead3c1c2824ed75d54768d53fa44e4e17,3
107,0x935b118412c93ee969051fd14ef96c70ecd7839d,0
108,0x9758da9b4d001ed2d0df46d25069edf53750767a,392
109,0x99925cc9a57f5e473ff22314cfe0627a0bfcceb4,1
110,0x99d982e49bcb5465a6b4c1e0ec4341c912d9ba42,249
111,0x9a2e9235f7a7ac7b899e5f3208fbb13c6985171a,834
112,0x9b26ba3a1d66cca67aa413da042a144a39c554b9,22
113,0x9bc42587af0fe34032d8068f51bd6bd7d7e4d718,0
114,0x9d31ff892f984a83e8b342a5ece8e8911ed909e0,2
115,0x9d3899df1d9f030a32dd5571fe3c7ef72d6ae566,0
116,0x9d5bdaa9d82782c03402dd5c675ae3e45b3102e2,32
117,0x9da7902394fb19ddd340d47398d35e3405bf79ec,0
118,0x9f1d916a456b96146e9f0dbbd0e107a1f389a061,0
119,0xa0f9fb2170dc2d181ef8aaf3571dc441813e0154,2
120,0xa259e6bcade86c770cb5214c789ee107662831a6,4
121,0xa26b0a2fc7702ac3cdd4d578df7ef87ecf17908e,0
122,0xa379bbdd0af814502eb9b38d475c7fa7411bb4ec,19
123,0xa39fcb48adf288f143459d57a1a0756718c919ae,15
124,0xa502f8112b2491718855f01a01a60462cc97a0d5,238
125,0xa83c4a6d0418074655bdbe74fed8435c46c19f66,31
126,0xa850e6f693b9bcb31df3ee44e7888ef19e608107,0
127,0xa864694cacdf27900afb3c32b1b07aea3c465dde,22
128,0xa9e4e3b1da2462752aea980698c335e70e9ab26c,199
129,0xa9fa83d31ff1cfd14b7f9d17f02e48dcfd9cb0cb,32
130,0xb1d58bad78f33892719cdeba218f8641a71a3f05,9
131,0xb5aff01f3e820735fac9abb594dc9993cb9e5bd2,89
132,0xb6951dba8d2aa5156440bcc4ba1af82f12c55159,0
133,0xba3048b17d1e8c1412ea29af9af795786065b5f9,0
134,0xba6284ca128d72b25f1353fadd06aa145d9095af,363
135,0xba69e7c96e9541863f009e713caf26d4ad2241a0,654
136,0xbb9854bfd082c48b4d426ac6a2a152b01326f46f,3
137,0xbd1e1ea13de6f320e89f33a7076b29d1a00506d8,0
138,0xbdb8b73aea0c43118ce8834c91d50ae8bbd5ed32,0
139,0xbe181da06d93867af0a3ffadcebe345ec35dae4e,219
140,0xbe46324018124b2d604c2f3eae91d3de9b388b09,213
141,0xbef44157a4afbfcce76db29353b6c103a03ed803,1
142,0xc27590378690620a44b1382e7cf31db5a1f9b99e,3
143,0xc352add7ad8cac8baa839d8c88e7e9d7df9a219b,153
144,0xc357a046c5c13bb4e6d918a208b8b4a0ab2f2efd,2
145,0xc58492b3b14f658adff566c988029308505f81b5,9
146,0xc5876f91149f791b43b6b59073ea49e62e027c7c,0
147,0xc99b3615724b7c4d3e4b348cfc8a25b9e2133828,1
148,0xcaaca224e35d0a1fa3304a3c4ec8beb5f28a99aa,3
149,0xcac337492149bdb66b088bf5914bedfbf78ccc18,44
150,0xcd6608b1291d4307652592c29bff7d51f1ad83d7,243
151,0xcff9cb72d19c10df754ae7be6d280e379cdb2354,36
152,0xd12d8f8dfa54f1578b2177f99b2e282367b66b13,11
153,0xd7cb65c907815d1852e246198aa7687e06d96e53,15
154,0xd7e51e35a04db7d9cd28026f281a93134348190b,0
155,0xd92d62ce8504e5c61aa17d9a9b13c65dbd77c268,2
156,0xda922e473796bc372d4a2cb95395ed17af8b309b,4
157,0xdbc1076b2834a81c441cd1ad73ce754bb218990b,0
158,0xdc4dc40c076691ed2050319e8f8cb16ea56d5d59,0
159,0xdc84953d7c6448e498eb3c33ab0f815da5d13999,238
160,0xdcb13fa157eebf22ddc8c9aa1d6e394810de6fa3,451
161,0xdd97853ba34af302f3d6a6415a750ae38e26d1fc,171
162,0xdfa1f97855c4f52c703b10fd1328a3d3170270ad,0
163,0xe02d1cf96c2d6dc085f475ce61579c9538119b86,0
164,0xe1388626c8de5fd7e5683a83d8da6a34153e9b18,0
165,0xe19e5f100d6a31169b5dca265c9285059c41d4f6,50
166,0xe4c1c33ed635263c61bf61db751b8a74ee3af0e4,201
167,0xe648ae88a6d9b3373e115e3414be91b7cf12de4c,282
168,0xe7f06e64e0d04c6cfedf7e9079d56d0fb7200a2e,0
169,0xe82719202e5965cf5d9b6673b7503a3b92de20be,416
170,0xe861ad00aed0f04b41c675ec1c1493d2ebcbe776,27
171,0xe86c98c75450075d096580f843fcd67a858ffd5f,4
172,0xe8b55deaced913c5c6890331d2926ea0fcbe59ac,24
173,0xea06c9cb0d69058468387f283e9a3f61c53e3c21,3
174,0xeb4245c88c660ae4ee23c76954e5490ccd7bbd82,6
175,0xebfed9e4ae035b0f7ae982d1a7abfe0aa26a0341,0
176,0xec0329051e180e17b8ed6fc891c8bc35a41b9448,0
177,0xec34d45fde0836d50ac8438f8442002b588435c0,1
178,0xed59cf07c469f071fa1eb268f3b62d744ae572c0,73
179,0xee462a6717f17c57c826f1ad9b4d3813495296c9,82
180,0xf062783c821e2f5a1d3768a20d2c281d134e0c92,6
181,0xf184279e6d4654890b4410cf300ed55600f018be,0
182,0xf1aa63ad7a897ca02cab6021513ee0a86820153e,1
183,0xf1c1648f6f0edbcf7d898441b88e489cfaace11d,2
184,0xf243688304fa4f6c6efadc22b9c1dd009aa76650,367
185,0xf45717552f12ef7cb65e95476f217ea008167ae3,1164
186,0xf7070fc72e2b92c6309785a39338d7c919a3cf4a,26
187,0xf70ce1be9685b0cfb531bc712d3faace858b5bfb,0
188,0xf767fca8e65d03fe16d4e38810f5e5376c3372a8,34
189,0xf77ac34cd0ed42f2b5d8cfcf4fa0f4bb1b80b9d8,0
190,0xf835b307bc5348194ae01ed729170c84217ba688,41
191,0xf93ca51746ce6e1cc2485c534eebe71ae987a7ad,251
192,0xf9533353c20495527e0499ac71e1507b418b9314,0
193,0xfba6ae30dfe97b20ad9ecccd5057ab3e5a1c41fa,0
194,0xfc3c1c0550188c649f70e78787c8cd9ff9d3b8d4,13
195,0xfc4f1acaaed191715cd50b9bc5311f7ad076424e,0
196,0xfc5de599c9fe4e5cf0744aef3139ae53aa30a566,588
197,0xfd2487cc0e5dce97f08be1bc8ef1dce8d5988b4d,178
198,0xfe3672eff595cfd36ed05aaf4622d1aec3b5e852,15
199,0xfeeb8a968f0d7fd58e29fbfc525051f50ee2fedc,8
200,0xd361e374be9e3907fceac60c6ea5cbdce89fc9ae,3
201,0x5158cf97c3e001b402ccb0f9063736ee8d6dad5a,3
202,0x0135c9a7bff72aa26e1d105ff5000e454e4dde7a,2415
203,0x02c60d28be3338014fef3fdf50a3218b946c0609,1570
204,0x0513ce8013f27a47a0088ffaac94fbb0fe6309d8,3
205,0x064e2f3511f2399e86953de1acf54322bbdf9d2d,8
206,0x0b230b071008bbb145b5bff27db01c9248f486b9,339
207,0x0d5919572552c6c8c752aa402bd033f2b2886bbc,196
208,0x0ec3cd77dbc5b512b5f9e45578813e1dbbcda719,2
209,0x13afabf464f7d3e6c7cf0e685181d9da3935e01e,135
210,0x14d7a3f1767b94b366ba29b4f774588459359f27,0
211,0x15d03b33f8abd63059655b98c586f975ffc63401,0
212,0x215ce36e90b1b64e6fa2e358305177f8fe5daf25,10000
213,0x21905ebd9e1f9587c7b3685d424679f16cccbb58,345
214,0x2464d1d97f8d0180cfad67bdb19bc30cca69dda0,25
215,0x24ddd6e7d5cdc29251caa00e46c7f3c738a78070,285
216,0x26bad8baf94001cd778731f8fd84b6cb01859748,221
217,0x29bef3878b85522ef2afa541dd7477c9e0a2c122,1190
218,0x2b22b2c65b185182786f087c1a0035b5ed76bbb7,8
219,0x2cdb253c0e44a284f6174ae90b5ea247e6cf3649,574
220,0x303e50180fe5794ba066e227f376b22341aad497,1
221,0x311f71389e3de68f7b2097ad02c6ad7b2dde4c71,10000
222,0x339150b0851bc5b3c0323789a58cc4e4afb38b37,134
223,0x3ae8b3ae07cb09f4ca2b6250eec03d016017755e,0
224,0x3da6d8f14dfcd576c46f9994d8fd94883a8f3fe8,1659
225,0x3df616ee25ba3fa146544ab595f106bff5ac4397,1072
226,0x40b88bbd78cb0441259de7a7d608a39b7388369a,23
227,0x44357ae7512fe99f55cb94a85f3e947b9143e76c,649
228,0x4480451c0aad4b97e837465d3ea618f976970df0,80
229,0x465cd6299775dc459a23c80997d2664656be9780,664
230,0x496a84aeaa78f6fc8ed458904d7f2d52b222e823,13
231,0x4b8705b0f740f7b51d746c0f626d06b8cf25814b,3557
232,0x4e88419be4e8643d98b15f8b6cf9cf3f6ef1fbfd,649
233,0x4f3db6d4c97b8248ad5e244e4f619086084f6848,2094
234,0x5233816151d616581993fca4988eea77d01e933d,12
235,0x536a6ba0d913d5d6a4ce2c6eb7ed0de3c0f0b89e,5024
236,0x5c3578f62ccd0b126214daa589ca11c7dc681acf,47
237,0x5eabae401202b9ed9e5dfbbe2d67860361eb0a9d,4
238,0x6492904953ed9015d6b37f8063b65c8de105d837,6
239,0x660c46a5650fb0619f603a2f4d73a1cdf8cd00d6,3844
240,0x67ad530ecdfd7ac8289362914e88d018e8b3f3f0,831
241,0x6b62497fc36e1f47c4c2d9f29fdf28cc3ebed72d,378
242,0x7011f3edc7fa43c81440f9f43a6458174113b162,574
243,0x787e3cef5edd94089ab3988775fcb24a1582b38f,213
244,0x79280ded572a0a7dfd31dfcc5baef3121ef0fee6,7
245,0x79c039d075bc3b86a7df63ebbe55fbc642b5220f,381
246,0x7b307c1f0039f5d38770e15f8043b3dd26da5e8f,10000
247,0x7bd83b818fb88239a8ece4c95837dc5746af32cc,81
248,0x7fd6d3537b39842cfe16e813851296d4745b51a7,62
249,0x8153510d6b4205ae9fa956b1a3012922ded49350,6
250,0x827ce5d8943d69c8538cd5662daf72be52176ed6,0
251,0x82aa987a16deafd8b4fab73ec316f94f4df43020,244
252,0x83fccc659eeeee98ca9764b7b34409347dfbc98b,36
253,0x85c84c949b1c29c85b777f2873a19450dbb1a057,46
254,0x8b7c1450d435f2932e6a7225593d14a4dcf0372d,957
255,0x8fd1a3ea61b1456be58e38b8c1bea49acb84b7fd,314
256,0x9b63e5599f8d7b70f96da0700bde1b4c0d7f35a9,31
257,0x9e2a68ed6b854e2e55433b5ec8f471c7b274df51,3
258,0x9e48a065af4d02257d9c9c83d78e7c06e7bf2449,54
259,0xa0285193e366a634fd9639d650b2115d77681a37,2
260,0xa25560d083fe0ea3e303c11577b5a345b236fac7,1484
261,0xa38feb7b0aaad949a1b99ff516d4e3ea2e317bbf,135
262,0xa7481af3bbc9d902c02f58204c5683052de53330,1
263,0xa90be2201bfed97587a2a17949e8624eafe51d13,27
264,0xab7689c7be6d9b5428d6bf4c536dc699fc919260,5
265,0xac2bb751cd9528ffbcfdbbd976b906baed792a56,20
266,0xadd6f226b34957a8f59a5be195560b96323c74c7,214
267,0xaf6240821a0cbb6e4b65e9feeb4f79f737bbbd18,0
268,0xb10ea0d397db942a1083a4af9c6074ab63bc8c8b,10000
269,0xb328f05fa01cc2f9add1ed05c5636e7d9c9b9954,180
270,0xb336a86e2feb1e87a328fcb7dd4d04de3df254d0,273
271,0xbea72b7da261bb0a488a5d07f01b16516ba2edef,3009
272,0xbf91b27fec3146a1b36069f92337a0ea330725df,1359
273,0xc07ec6b6e3783b6855d000e104e44b3f86bbfc22,1
274,0xc0b52b76055c392d67392622ae7737cdb6d42133,10000
275,0xc11705a782e1a4c4db0a5b9ee22ce7554dd5e8e1,0
276,0xc1824278b767d9efb304c63128b1a92babc3fa4b,678
277,0xc249fe0288e75e47e62b138de8d020c9fee5a9f5,3173
278,0xc2b9e4826a426a071254ccc40261299740c02b2c,213
279,0xc305b6401643b63dd9d74040bb16bb5c8bbbaa88,14
280,0xc601f6938c75c4ca03eaad570701d86e607771db,319
281,0xca7c390f8f843a8c3036841fde755e5d0acb97da,198
282,0xcd3dc4e19418fe7dad216376ff685760685cee13,28
283,0xd0e614953de3dd3d4816b195d261769efd880a50,2
284,0xd2dc2625079d2eb5d31a03ce2372304a23fb7b42,550
285,0xd3ac627abdc1ce6c27c04b37c86e368f754f2995,428
286,0xd57ad441160865b7393be8c8244a69957dc4d53e,1
287,0xd6893da3dd6dc91b4957d2d74737c6726f1033d5,58
288,0xdbb6b23520472c5070078cd3e7097b36b001fb57,2307
289,0xdf05fb3eab68898ec07cadba5849c30fafe9b113,9
290,0xe6329d65ebcc5cbccdd719d7b18ac9e220dca145,1
291,0xeacba276ff97853102c3d540b663c08ec7fbe0ed,7
292,0xed41e841ed150f8fb1febc8c443a113c1cd95a1d,0
293,0xf52ecc525d998eb880911a268b0fa4bc7d69a435,5
294,0xf8f04b23dace12841343ecf0e06124354515cc42,1695
295,0xf91446ead6aadd4321602b5790a6db4d6f2a1930,0
296,0xfad05ee13c8e0ec94e5ee9dc056dc451b2ad6b1d,390
297,0xfe9c69945687539fabbf531133838d9cce522a76,67
