,blockNumber,timeStamp,hash,from,to,value,contractAddress,input,type,gas,gasUsed,traceId,isError,errCode
0,1240663,1459281943,0xe9095d99b3f551792708ab74452d0dff127004727fbd250a3bbc159a06caf3e3,0xfe3672eff595cfd36ed05aaf4622d1aec3b5e852,0xab092d201ccdbd22a08c13e717841d09bf61fb84,6000000000000000,,,call,2300,0,0,0,
1,1240663,1459281943,0xe9095d99b3f551792708ab74452d0dff127004727fbd250a3bbc159a06caf3e3,0xfe3672eff595cfd36ed05aaf4622d1aec3b5e852,0xab092d201ccdbd22a08c13e717841d09bf61fb84,18000000000000000,,,call,2300,0,1,0,
2,1245541,1459351682,0x62755df97f7b8f8271f942379e6d46d004e7ad5ec92bf60bab98ad9ca06cf191,0xfe3672eff595cfd36ed05aaf4622d1aec3b5e852,0xab092d201ccdbd22a08c13e717841d09bf61fb84,100000000000000000,,,call,2300,0,0,0,
3,1245541,1459351682,0x62755df97f7b8f8271f942379e6d46d004e7ad5ec92bf60bab98ad9ca06cf191,0xfe3672eff595cfd36ed05aaf4622d1aec3b5e852,0x2ff080a723010c7ddbd923f50a1083f93173030c,54000000000000000,,,call,2300,0,1,0,
4,1252487,1459450309,0x2a7cc1c524ae32d4589cab199c4e597ae7fbf44e994d8ec17e939b2b953ada25,0xfe3672eff595cfd36ed05aaf4622d1aec3b5e852,0xab092d201ccdbd22a08c13e717841d09bf61fb84,500000000000000000,,,call,2300,0,0,0,
5,1252487,1459450309,0x2a7cc1c524ae32d4589cab199c4e597ae7fbf44e994d8ec17e939b2b953ada25,0xfe3672eff595cfd36ed05aaf4622d1aec3b5e852,0xb3e3429824d31ba87edea73fac823a67f44c6015,900000000000000000,,,call,2300,0,1,0,
6,1265138,1459632578,0xb4bf2d95f335f885a17f70820bc2efb113dbbe8a46d51f18d61f345f147a476c,0xfe3672eff595cfd36ed05aaf4622d1aec3b5e852,0xab092d201ccdbd22a08c13e717841d09bf61fb84,250000000000000000,,,call,2300,0,0,0,
7,1265141,1459632700,0xac02d8b7e2f7de0574334bc6e67aebb4ba05b337143594870bc51d24d68e0b92,0xfe3672eff595cfd36ed05aaf4622d1aec3b5e852,0xab092d201ccdbd22a08c13e717841d09bf61fb84,100000000000000000,,,call,2300,0,0,0,
8,1265141,1459632700,0xac02d8b7e2f7de0574334bc6e67aebb4ba05b337143594870bc51d24d68e0b92,0xfe3672eff595cfd36ed05aaf4622d1aec3b5e852,0x2ff080a723010c7ddbd923f50a1083f93173030c,4500000000000000000,,,call,2300,0,1,0,
9,1265149,1459632827,0xf829692d5f29a41f52fc2725589e84ae9cb5345d42e12d2260775d0cc124198e,0xfe3672eff595cfd36ed05aaf4622d1aec3b5e852,0xab092d201ccdbd22a08c13e717841d09bf61fb84,50000000000000000,,,call,2300,0,0,0,
10,1265151,1459632934,0x718f7bb73289810abe0bc17bb41d2bb3f1d15cba2fdfb6d508e034a369f5301e,0xfe3672eff595cfd36ed05aaf4622d1aec3b5e852,0xab092d201ccdbd22a08c13e717841d09bf61fb84,50000000000000000,,,call,2300,0,0,0,
11,1265161,1459633108,0xad86f8daceb29ed59b2818566156e2dd0f8377aa8ffdfe4a311aa79ece36b878,0xfe3672eff595cfd36ed05aaf4622d1aec3b5e852,0xab092d201ccdbd22a08c13e717841d09bf61fb84,50000000000000000,,,call,2300,0,0,0,
12,7133951,1548589867,0x17799fd498323546997a3eabd549a1b512c33eb9bb1c2ba291c770bbfcf1bfed,0xfe3672eff595cfd36ed05aaf4622d1aec3b5e852,0xab092d201ccdbd22a08c13e717841d09bf61fb84,2,,,call,2300,0,0,1,
13,7133955,1548589945,0x55c19365797166e6a13ace81d88f31ebdbe9c5e184d493644c0b6f0e9e5beea3,0xfe3672eff595cfd36ed05aaf4622d1aec3b5e852,0xab092d201ccdbd22a08c13e717841d09bf61fb84,2,,,call,2300,0,0,0,
14,7133961,1548590090,0x870818eebe83c7c782723a8f5586f8eff36d31fb9b8501e1ee6147aab3d42c85,0xfe3672eff595cfd36ed05aaf4622d1aec3b5e852,0xab092d201ccdbd22a08c13e717841d09bf61fb84,2,,,call,2300,0,0,0,
