,blockNumber,timeStamp,hash,nonce,blockHash,transactionIndex,from,to,value,gas,gasPrice,isError,txreceipt_status,input,contractAddress,cumulativeGasUsed,gasUsed,confirmations
0,1282833,1459886051,0x4705d2d7e174b27671d5890d86f3b402367d8d6c94d0eeaea14748433328da6c,2,0x3d900082cea875c34d2810daefd35b3481bac8c7cc8810f211e15b470f437124,1,0x6e05ce4aef57eb1db331477eaa3a4e8902ac052b,,0,467666,20000000000,0,,0x60606040526000600181905560035560048054600160a060020a031916331790556104238061002e6000396000f3606060405236156100615760e060020a600035046313af4035811461006c5780638da5cb5b146100a15780639003adfe146100b3578063a2f9eac6146100bc578063a60f35881461011d578063b69ef8a814610126578063e97dcb621461012f575b610167610169610133565b610167600435600454600160a060020a039081163391909116141561009e5760048054600160a060020a031916821790555b50565b61016b600454600160a060020a031681565b61018860025481565b61019a600435600080548290811015610002575080526002027f290decd9548b62a8d60345a988386fc84ba6bc95484008f6362f93160ef3e5638101546000805160206104038339815191529190910154600160a060020a03919091169082565b61018860015481565b61018860035481565b6101675b60006000600060003410156101c057604051600160a060020a033316908290349082818181858883f150505050505b505050565b005b565b60408051600160a060020a03929092168252519081900360200190f35b60408051918252519081900360200190f35b6040518083600160a060020a031681526020018281526020019250505060405180910390f35b68022b1c8c1227a0000034111561020e57604051600160a060020a0333169060009068022b1c8c12279fffff1934019082818181858883f150678ac7230489e8000096506102129350505050565b3492505b6000805460018101808355909350908184801582901161026d5760020281600202836000526020600020918201910161026d91905b8082111561031b578054600160a060020a03191681556000600191909101908155610247565b50505050336000600050838154811015610002578180526002027f290decd9548b62a8d60345a988386fc84ba6bc95484008f6362f93160ef3e563018054600160a060020a03191690921790915580548491908490811015610002576002026000805160206104038339815191520191909155821461031f57600254600454604051600160a060020a03919091169160009182818181858883f1505050600255506003805484019055610328565b5090565b60038054840190555b5b60015460008054606492908110156100025790805260035460029190910260008051602061040383398151915201549190910460b40290111561016257600154600080546064929081101561000257600154825460029290920260008051602061040383398151915201549390930460b4029350909190811015610002576040516002919091027f290decd9548b62a8d60345a988386fc84ba6bc95484008f6362f93160ef3e5630154600160a060020a03169190839082818181858883f15050600380549190910390555050600180548101905561032956290decd9548b62a8d60345a988386fc84ba6bc95484008f6362f93160ef3e564,0x0f26c26318872e8fa85dee5d30cba45ed53b3d3e,388666,367666,13620856
1,1282841,1459886156,0xf9430e248ba9b59d1251990c550730ad913e7ba7e3ef9432b43ccb3b0478fb9f,3,0x23a68e3050fa4c83eb0af9f0050958a6b8728e2398579f48d53798d1b46349f1,0,0x6e05ce4aef57eb1db331477eaa3a4e8902ac052b,0x0f26c26318872e8fa85dee5d30cba45ed53b3d3e,1000000000000000000,202208,20000000000,0,,0x,,102208,102208,13620848
2,1282844,1459886193,0x7dc9bf6ed327fda837a4fd211a0cf850424e9fc8bb47005517b2908b7e667cc6,4,0x855fbdedd7706545a0491e6f2c9d953f10471fc0891694d273b137e008ead788,0,0x6e05ce4aef57eb1db331477eaa3a4e8902ac052b,0x0f26c26318872e8fa85dee5d30cba45ed53b3d3e,800000000000000000,202208,20000000000,0,,0x,,77455,77455,13620845
3,1282856,1459886332,0xdb4cabd44e25ab2c4f8b3047d83cf97d564873965090608b6392e7a77bc97fa7,5,0xb7dba693a55545f2ba0fba2c9eb328542fe0aa37880354ab410011f65a7cfb82,0,0x6e05ce4aef57eb1db331477eaa3a4e8902ac052b,0x0f26c26318872e8fa85dee5d30cba45ed53b3d3e,800000000000000000,210260,20000000000,0,,0x,,110260,110260,13620833
4,1282870,1459886447,0x38e9e1cf6a59ef26434d555b37bb977d1079b1f4a02e4881acebb30e9205370c,6,0xc779b798b9829ca378ae3fba28c29464424eb6b70ce6641c0dabf0b44dbb3791,3,0x6e05ce4aef57eb1db331477eaa3a4e8902ac052b,0x0f26c26318872e8fa85dee5d30cba45ed53b3d3e,648000000000000000,195260,20000000000,0,,0x,,158260,95260,13620819
5,1282889,1459886748,0x15391858ef88c51dd72cb0ef8a4a000375ce2e4fce55da88e22a58fe85a11a92,18,0x23b2d2ebdd9fc20aef7af6ba502a54c1858a4352fa54449e4deea1b2a612640c,0,0xd678de961ca01bbaea3e0b347141cd1ed8f10c36,0x0f26c26318872e8fa85dee5d30cba45ed53b3d3e,2000000000000000000,195260,20742919620,0,,0x,,95260,95260,13620800
6,1282889,1459886748,0x75793cdacb3bcfd3c4c09f3f9cfe66e054235d13e73da9fef36b7e0148401989,27,0x23b2d2ebdd9fc20aef7af6ba502a54c1858a4352fa54449e4deea1b2a612640c,1,0x9d3baa3b83a3e4e7171d2dd73cdbd8ef5dae4012,0x0f26c26318872e8fa85dee5d30cba45ed53b3d3e,1000000000000000000,177455,20742919620,0,,0x,,190520,95260,13620800
7,1282890,1459886773,0x752ed940b4e18d7258c307b9c24d3e915d1a640943cef42cac24e675fa7a57bb,9,0xe87ac965d3b92ce5b33ee76b8b9c1d18e96ff098bf3bea05b2b13ebca9761bf7,0,0x89a64c31240eee15e8884667ad1877761c63afe6,0x0f26c26318872e8fa85dee5d30cba45ed53b3d3e,5000000000000000000,213065,20742919620,0,,0x,,113065,113065,13620799
8,1282890,1459886773,0x0e7c3b412678c32673338dba7de6d77891aa087737ab8cb5e7d462e56387ba69,77,0xe87ac965d3b92ce5b33ee76b8b9c1d18e96ff098bf3bea05b2b13ebca9761bf7,1,0xa6e2e910515e6cf485462eeb6e454df33c60cb0e,0x0f26c26318872e8fa85dee5d30cba45ed53b3d3e,7000000000000000000,213065,20546691600,0,,0x,,190520,77455,13620799
9,1282892,1459886790,0xbc9afa3011849030372c3a187763de66c936934e076244e60f1e11998903b16a,7,0x66f69aed479f5989c6c3b3b07d7fa938eaa4e8e79380bd33d489dbff1b743393,0,0x6e05ce4aef57eb1db331477eaa3a4e8902ac052b,0x0f26c26318872e8fa85dee5d30cba45ed53b3d3e,1000000000000000000,177455,20144928240,0,,0x,,77455,77455,13620797
10,1282898,1459886812,0x856cf60592dc4086bbf15c9175c5da42b828eac8d29e9197045b8b88a7771158,10,0xb55816bf4c64b4df48778778bfe436c3963d1ddab84b1b40078e74c720b0a0af,2,0x89a64c31240eee15e8884667ad1877761c63afe6,0x0f26c26318872e8fa85dee5d30cba45ed53b3d3e,2000000000000000000,195260,20000000000,0,,0x,,137260,95260,13620791
11,1282905,1459886928,0x9a8385908bf724606ef2fe3b2e6604bb5e6715e22ad55025e882221adeda11cd,19,0xf4edb0eda566442fa39876ba9c38bb98b929a0496482771570d25aa2334057c4,5,0xd678de961ca01bbaea3e0b347141cd1ed8f10c36,0x0f26c26318872e8fa85dee5d30cba45ed53b3d3e,2000000000000000000,177455,20000000000,0,,0x,,182455,77455,13620784
12,1282905,1459886928,0x5ad50e95f380ec7bcbe8c061b29da1158b27ad602340b14138d3c8d04d405e61,28,0xf4edb0eda566442fa39876ba9c38bb98b929a0496482771570d25aa2334057c4,16,0x9d3baa3b83a3e4e7171d2dd73cdbd8ef5dae4012,0x0f26c26318872e8fa85dee5d30cba45ed53b3d3e,22000000000000000000,230870,20000000000,0,,0x,,556324,148675,13620784
13,1282906,1459886934,0xfae6df710970d14cda757cb55352afc3e8bcbcf4397ea24dbf5507866ec9cd8f,11,0xf38bd2249dbd45e04c188c6d3a09e7a2a18418d800cf21ee30beabc948cc95d2,2,0x89a64c31240eee15e8884667ad1877761c63afe6,0x0f26c26318872e8fa85dee5d30cba45ed53b3d3e,1000000000000000000,177455,20000000000,0,,0x,,119455,77455,13620783
14,1282908,1459886953,0x579480d354302dd5636b89f8f20018c4f3c57cf4b8f56fce416e24690e4762ff,12,0xb49f4d4997055a92b05358b4dbacf33aeb20cab04c8daf615d119cd795ce3075,1,0x89a64c31240eee15e8884667ad1877761c63afe6,0x0f26c26318872e8fa85dee5d30cba45ed53b3d3e,1000000000000000000,177455,20000000000,0,,0x,,100355,77455,13620781
15,1282909,1459886968,0xb50185fe565164f54b2f5181d0d6ea45cc1f0746e2debc0f3b4ed479ed48db09,79,0x0a7a6f036ea615d68fa20ff04171478ca610404333c5bdf14aaeccb7c6cddb4a,0,0xa6e2e910515e6cf485462eeb6e454df33c60cb0e,0x0f26c26318872e8fa85dee5d30cba45ed53b3d3e,10000000000000000000,177455,20000000000,0,,0x,,77455,77455,13620780
16,1282911,1459887052,0x85d7d052e7715713c02d548afd01b3aaf741cca2a9422e74cbeb5b23dfc901ce,12,0x34907f963825acf06de28886a273e126965722ffaaab5fe13dbcc33646270e4f,15,0x2c9608d5cf3e0f42d025c00ed0aca13096e56bec,0x0f26c26318872e8fa85dee5d30cba45ed53b3d3e,1000000000000000000,177455,20000000000,0,,0x,,392455,77455,13620778
17,1282911,1459887052,0x9cd101fbbe47d7a3d25d6a3c03e4a873ea772c1189dd5aaed57d4d56eb66aa2d,29,0x34907f963825acf06de28886a273e126965722ffaaab5fe13dbcc33646270e4f,27,0x9d3baa3b83a3e4e7171d2dd73cdbd8ef5dae4012,0x0f26c26318872e8fa85dee5d30cba45ed53b3d3e,3000000000000000000,177455,20000000000,0,,0x,,2642149,77455,13620778
18,1282912,1459887081,0x12f960806a28401128c4157ea2584a8d973bc11d6f0e636620b279f6c4270856,30,0xfc3cbaafd7ba43394f1895ff5a8996b4d8b057c3c36a6e82aaeb42703c8bc155,26,0x9d3baa3b83a3e4e7171d2dd73cdbd8ef5dae4012,0x0f26c26318872e8fa85dee5d30cba45ed53b3d3e,4000000000000000000,177455,20000000000,0,,0x,,627255,77455,13620777
19,1282935,1459887345,0xe4792ee400d19f0d5bf6e01010891e85e0f6481c7b20963ffe063e527f8b4b34,31,0xa206c22ffe4fc326a309b4da2f099877ab0b0347841f12e5bbd324d7bba006bd,14,0x9d3baa3b83a3e4e7171d2dd73cdbd8ef5dae4012,0x0f26c26318872e8fa85dee5d30cba45ed53b3d3e,10000000000000000000,177455,20000000000,0,,0x,,371455,77455,13620754
20,1282945,1459887496,0x2ea6fff7932eb5d6d56bdeef3fc0b09338c0434436bf50e92ff20f3f7bbd5916,13,0x5703c2354926166f615243f2bc264c3486c063109b1cec625a790f6b98778dfa,5,0x2c9608d5cf3e0f42d025c00ed0aca13096e56bec,0x0f26c26318872e8fa85dee5d30cba45ed53b3d3e,1000000000000000000,177455,20000000000,0,,0x,,182455,77455,13620744
21,1282979,1459887923,0x2f2e71d6127a08a77cf608fc2df18d2fb0ad11855979aaffa9586de183baa6ba,13,0x55a97294e94affcf5283bc83fbff5c5b62033d462493d1b09a3b5f2b888241f6,21,0x89a64c31240eee15e8884667ad1877761c63afe6,0x0f26c26318872e8fa85dee5d30cba45ed53b3d3e,2200000000000000000,177455,20000000000,0,,0x,,615338,77455,13620710
22,1282981,1459887969,0x2fd863ba22ea11fc19ad8f76e11a7738a46dc7cf90b73176208c0a08112387d2,51,0xd32c2ff33a16c4a05626230b55dd7c3d083cd38de92f0f14d4f8c1b1e342bd80,16,0x36a80f9f6015e36102449b933944c278191acd73,0x0f26c26318872e8fa85dee5d30cba45ed53b3d3e,1000000000000000000,250000,20000000000,0,,0x,,431260,95260,13620708
23,1282982,1459888022,0xb7bc8a98d630f52779f96a2c382e65b424f79e82faf432a455bc03abac572f1f,74,0x255b9be0d8c7b57d54c363cc5e2b15749f6ce30934487e8324d779b85d0c1a49,25,0xb98320de78c369553d75636ad95a36bb4e001bf4,0x0f26c26318872e8fa85dee5d30cba45ed53b3d3e,2000000000000000000,250000,20000000000,0,,0x,,620340,95260,13620707
24,1282982,1459888022,0xaec84efc03e06c93d889c13c6026ffc6f6852c2a114670fefd6beed1f9e7c5b5,13,0x255b9be0d8c7b57d54c363cc5e2b15749f6ce30934487e8324d779b85d0c1a49,26,0x18106ec466f97192f0d65a350d251004309a4a6b,0x0f26c26318872e8fa85dee5d30cba45ed53b3d3e,1000000000000000000,250000,20000000000,0,,0x,,697795,77455,13620707
25,1282982,1459888022,0x0f3672274c3475afde1a6c7b60cae2d6403263baa80b858a2a730a90aab513bf,8,0x255b9be0d8c7b57d54c363cc5e2b15749f6ce30934487e8324d779b85d0c1a49,28,0x6e05ce4aef57eb1db331477eaa3a4e8902ac052b,0x0f26c26318872e8fa85dee5d30cba45ed53b3d3e,1600000000000000000,195260,20000000000,0,,0x,,814055,95260,13620707
26,1282987,1459888074,0xacf6da751cc1482cabe01f073649dc61cd4cc79eaccc884c8992504041b9ce90,20,0x05b2a953ae535425f722c2915f4a23f41284883547b5b8924645bf54946d663c,16,0x07e2eb7b824df3252f4a1c2da2ad99bcd6b5b7cd,0x0f26c26318872e8fa85dee5d30cba45ed53b3d3e,2000000000000000000,250000,20000000000,0,,0x,,510338,77455,13620702
27,1283010,1459888463,0x3782dcf62524c2a4383b45b00bd5313514407c31fe778ee276854e35ed884989,32,0xb3562789d2bcfcfd6bb75b5ed15bd43014ab09e538ae8ace11bce6c0d7773c80,1,0x9d3baa3b83a3e4e7171d2dd73cdbd8ef5dae4012,0x0f26c26318872e8fa85dee5d30cba45ed53b3d3e,5000000000000000000,177455,20000000000,0,,0x,,98455,77455,13620679
28,1283011,1459888517,0x725077e8a687c974c45fdd401a4201e7c3424c362bd64f8bf250d469f1a01b22,20,0x765833ba91c2ca29a4a2e963c43f5242b48726b3830ada128eb61767f308c025,1,0xd678de961ca01bbaea3e0b347141cd1ed8f10c36,0x0f26c26318872e8fa85dee5d30cba45ed53b3d3e,5000000000000000000,177455,20000000000,0,,0x,,98455,77455,13620678
29,1283029,1459888707,0xd8f4a718ee21ef31a564ce6cb527afe1c0bb94e2df6c02a94eed71e7f1335697,9,0xbecf802f2bb4febe0806d82b607619498d3c7bede0a9256b2f2546bcdd84b72f,5,0x6e05ce4aef57eb1db331477eaa3a4e8902ac052b,0x0f26c26318872e8fa85dee5d30cba45ed53b3d3e,5000000000000000000,195260,20000000000,0,,0x,,200260,95260,13620660
30,1283051,1459888993,0x1d3e8972c84f2c0e2517976bfb853ca50801953420885f6643d2d10ffd90ab54,14,0x4b9bfbdfcc42d6b68bd5c9e3f4dcec02924b1b0bb572c933b6145d8ce53907a2,0,0x18106ec466f97192f0d65a350d251004309a4a6b,0x0f26c26318872e8fa85dee5d30cba45ed53b3d3e,300000000000000000,250000,20000000000,0,,0x,,77455,77455,13620638
31,1283051,1459888993,0xbbc55403514d1ff1b24c7ab39161200ea3f3399e5b4733010127febce948e0aa,14,0x4b9bfbdfcc42d6b68bd5c9e3f4dcec02924b1b0bb572c933b6145d8ce53907a2,2,0x2c9608d5cf3e0f42d025c00ed0aca13096e56bec,0x0f26c26318872e8fa85dee5d30cba45ed53b3d3e,1800000000000000000,195260,20000000000,0,,0x,,193715,95260,13620638
32,1283058,1459889093,0x31f711490e1baf05c46e9d9993dc6405d6eb2b9cb44c46159eea3ceeda8805cf,14,0x86b4b654a01c740229273685fffacdae8912bd768fad6524622ee656e12e7a68,3,0x89a64c31240eee15e8884667ad1877761c63afe6,0x0f26c26318872e8fa85dee5d30cba45ed53b3d3e,5400000000000000000,195260,20000000000,0,,0x,,158260,95260,13620631
33,1283060,1459889107,0xe8cb7d4b5af561c1b98d3a24594b8ffccf5cf9309f69eb547a9ada431d53c5b9,33,0x5c7d0425b0b031b2b7718c20b5865beabc4306ad0f328bf5464e00e832200b69,0,0x9d3baa3b83a3e4e7171d2dd73cdbd8ef5dae4012,0x0f26c26318872e8fa85dee5d30cba45ed53b3d3e,6900000000000000000,195260,20000000000,0,,0x,,95260,95260,13620629
34,1283074,1459889249,0x5702b637c0982e718d65c3c7e8a0e831a2f4e3a2098f6c848bed08d9e4ec66c1,81,0x4e4bfc9a1e8bb21e62925496ec596213c1a5b52a7feb06c897d161e92035ccba,1,0xa6e2e910515e6cf485462eeb6e454df33c60cb0e,0x0f26c26318872e8fa85dee5d30cba45ed53b3d3e,6000000000000000000,177455,20000000000,0,,0x,,98455,77455,13620615
35,1283078,1459889305,0x273f5211242a6f0e68f23f3a20888f03f1df2ecb38d0d541f253c1927b9960a8,34,0x8ce07e2994888b19007920b34116c7862a20cd4cddeea5c845e8775773d11e97,15,0x9d3baa3b83a3e4e7171d2dd73cdbd8ef5dae4012,0x0f26c26318872e8fa85dee5d30cba45ed53b3d3e,6000000000000000000,177455,20000000000,0,,0x,,392455,77455,13620611
36,1283093,1459889530,0xf43f0d9582a37aa2b5e0ec6c744e683898c3ba3c07b0604fd0b55599966dc0ce,10,0xd9714e36c59a913825fdd94cba5d8e44c4bececd6bd7d6aef8e799caad2821e4,1,0x4552b43371333cc80c450cbc2b405f692dabf3e1,0x0f26c26318872e8fa85dee5d30cba45ed53b3d3e,100000000000000000,250000,20000000000,0,,0x,,98455,77455,13620596
37,1283095,1459889575,0xa46e60542e27713b2a2e9ec3136eb2978902645ec3bdc01b9adac8eadaeb0c8d,21,0xeddd3f298e20e5bbba9759586aec6be27a49d795e710220fa579c68c1a55cb1c,1,0xd678de961ca01bbaea3e0b347141cd1ed8f10c36,0x0f26c26318872e8fa85dee5d30cba45ed53b3d3e,6000000000000000000,195260,20000000000,0,,0x,,116260,95260,13620594
38,1283100,1459889685,0x6c0e0d78e77bfd4231069d829fba3186d78da0c769d3b1bc348d1066b6215e98,0,0x09cd79aeec6a9d6fb879d32e10e31c92e49b5929b934503cb7c2acda4f391ba6,0,0xe63ce1fb530dfbf4ee7b2df92e38c09a4bc83179,0x0f26c26318872e8fa85dee5d30cba45ed53b3d3e,10000000000000000000,200000,21000000000,0,,0x,,132293,132293,13620589
39,1283110,1459889872,0x66403303769dbeededded262fa3f53522ae291ab0cefa3175c61c0faba506032,21,0xe739e8192954fae3230cf585cadcb503db935fc8aea4872484d68d041621ba95,16,0x07e2eb7b824df3252f4a1c2da2ad99bcd6b5b7cd,0x0f26c26318872e8fa85dee5d30cba45ed53b3d3e,100000000000000000,250000,20000000000,0,,0x,,413455,77455,13620579
40,1283136,1459890167,0x3d1cda18226422a51a511cdf17e3e171421abe7b69aec659f8603e21bf6bb0f9,11,0xebfd066e88aa477dccad16c4ae234af520ffb937a129d58c132dcf03af9a194e,1,0x5dec981c2216c6390475dd891909a4b023919267,0x0f26c26318872e8fa85dee5d30cba45ed53b3d3e,300000000000000000,250000,20000000000,0,,0x,,377455,77455,13620553
41,1283191,1459890956,0xfc92f55c21b8a00a20b4dd6c1e680ac22a6a8f3c3ed0e063ffd56ff244c9347d,75,0x691ed2b9dc06adbe582103f4e5cbb8fad8fbe869570e39cc56a814f7c4335f45,8,0xb98320de78c369553d75636ad95a36bb4e001bf4,0x0f26c26318872e8fa85dee5d30cba45ed53b3d3e,1000000000000000000,250000,20000000000,0,,0x,,493125,95260,13620498
42,1283283,1459892098,0xc269772ca64c2e7a85cfac7808195acc6c82ae79766f7babb9b0063984868b9a,12,0x1a7d9e69a9bfd43f578db47a26ff6b8814717bd0875574844978827f444e2bbf,11,0x5dec981c2216c6390475dd891909a4b023919267,0x0f26c26318872e8fa85dee5d30cba45ed53b3d3e,2000000000000000000,250000,20000000000,0,,0x,,388623,77455,13620406
43,1283309,1459892521,0xd8f0e776763555245b03ef834fe2000de8b74187f50d1c8f6b34052d35c013d5,13,0xa303748aa11b60f5570125912bdf7517f58b76a640213f17bb6471a86078d40b,1,0x5dec981c2216c6390475dd891909a4b023919267,0x0f26c26318872e8fa85dee5d30cba45ed53b3d3e,1000000000000000000,250000,20000000000,0,,0x,,98455,77455,13620380
44,1283309,1459892521,0xefa1a1c2459388459a78a7b0e336431e7102f63952e335ce9447a223b6604726,10,0xa303748aa11b60f5570125912bdf7517f58b76a640213f17bb6471a86078d40b,7,0xc9d2f4c0919f9e0d45acbbe90068575b725b8a1f,0x0f26c26318872e8fa85dee5d30cba45ed53b3d3e,1000000000000000000,250000,20000000000,0,,0x,,298715,95260,13620380
45,1297318,1460095058,0x1b1be684fe14284424359dc2bc068652266fcf75efe432c54c2ad66146d6dffc,28,0x59357813465d2e1e3b120a705acbe3d6225ab93569d2307eaf08b8c069e816a9,4,0x6e05ce4aef57eb1db331477eaa3a4e8902ac052b,0x0f26c26318872e8fa85dee5d30cba45ed53b3d3e,0,127963,20000000000,0,,0x13af403500000000000000000000000097eedb324b5ab7ddd100d027e990a05037e61b37,,113863,27963,13606371
46,4326218,1506821058,0xf6b0c72eb26d17a4e5214fbee0a698a2bbab2e6a1124fa8c36e0fa485419c2b2,6,0x8c8605c93530e2fdee1813dde980fdef0839204d79a7c489b17685a8c841c0e3,30,0xc41594f96a3a165cc57d550b0fbe4c8b9a717854,0x0f26c26318872e8fa85dee5d30cba45ed53b3d3e,0,500000,21000000000,0,,0x13af4035000000000000000000000000c41594f96a3a165cc57d550b0fbe4c8b9a717854,,925616,23154,10577471
